num,license
6300,SV9154
6301,TW9859
6302,TX6430
6303,TW9791
6304,TW9885
6305,TX6358
6306,TX5933
6307,TX5957
6308,TX6122
6309,TX4929
6310,TZ7181
6311,TZ8340
6312,TZ8233
6313,TZ8457
6314,UA258
6315,TZ8572
6316,TZ9312
6317,TZ9251
6318,TZ8626
6319,TZ9596
6320,UA3546
6321,UA2892
6322,UA3985
6323,UA4294
6324,UA2522
6325,UB2689
6326,UB3771
6327,UB3195
6328,UB4407
6329,UB3843
6330,UB3708
6331,UB3709
6332,UB2799
6333,UB2766
6334,UB2664
6335,UB3334
6336,UB5401
6337,UB5932
6338,UB5842
6339,UB4859
6340,UB5082
6341,UB6163
6342,UB4621
6343,UB5509
6344,UB4930
6345,UB4930
6346,UB5067
6347,UB4697
6348,UB6356
6349,UB6404
6350,UB5562
6351,UB8143
6352,UB7827
6353,UD5164
6354,UD2164
6355,UD1669
6356,UC3445
6357,UC3211
6358,UC3752
6359,UC6127
6360,UC6215
6361,UC4602
6362,UC4591
6363,UC4562
6364,UC8369
6365,UC8409
6366,UD5482
6367,UD7351
6368,UD7394
6369,UD6884
6370,UD7622
6371,UD7005
6372,UD6473
6373,UD5258
6374,UE5340
6375,UE5568
6376,UE4647
6377,UE5181
6378,UE6220
6379,UE4574
6380,UE5937
6381,UG6620
6383,UG6722
6384,UG7286
6385,UM1073
6386,UM1993
6387,UM1955
6388,UM8483
6389,UM6569
6390,UM6575
6391,UM7983
6392,UM7107
6393,UM6514
6394,UM9809
6395,UM8943
6396,UN159
6397,UN7107
6398,UN7748
6399,UP196
6400,UN9516
6401,UP566
6402,US5023
6403,UT249
6404,UT524
6405,UU1204
6406,UT552
6407,UT3761
6408,UT6395
6409,UU548
6410,UU6342
6411,UU9515
6412,UV4243
6413,UV7730
6414,UY4643
6415,UY3354
6416,UY6063
6417,UY7792
6418,UZ1976
6419,UZ1580
6420,VA1426
6421,VA4427
6422,VA3681
6423,VA8145
6424,VA8222
6425,VA7363
6426,VA7521
6427,VB1087
6428,VB951
6429,VB8096
6430,VB7188
6431,VB9574
6432,VC140
6433,VC5631
6434,VC5896
6435,VC6129
6436,VC5365
6437,VE1034
6438,VC9016
6439,VD980
6440,VD4132
6441,VD5292
6442,VD5982
6443,VE1685
6444,VU1235
6445,VU6355
6446,VV357
6447,VU5142
6448,VU9112
6449,VV4673
6450,VW5350
6451,VW4730
6452,VX3179
6453,VP1703
6454,VP790
6455,VP9744
6456,VP9008
6457,VP9313
6458,VR8457
6459,VR7611
6460,WK680
6461,WK1020
6462,WK1890
6463,WK1544
6464,WK7560
6465,WK7242
6466,WK7473
6467,WK7374
6468,WL3951
6469,WL4279
6470,WL2507
6471,WL1378
6472,WL3694
6473,WP6139
6474,WR841
6475,WR815
6476,WR3123
6477,WR3073
6478,WR2986
6479,WR5356
6480,WR5535
6481,WR5126
6482,WR6941
6483,WR7564
6484,WR7096
6485,WS1113
6486,WR7503
6487,WS557
6488,WS2359
6489,WS2535
6490,WS2676
6491,WK1443
6492,WK6917
6493,VB9800
6494,WK6684
6495,VD980
6496,WP4996
6497,WP5191
6501,TY5065
6502,TY4840
6503,TY8493
6504,TY5363
6505,TY5910
6506,TY6451
6507,TZ319
6508,TY8975
6509,TZ7097
6510,TZ7642
6511,UA136
6512,UA3575
6513,UA3884
6514,UA7415
6515,UA7811
6516,UB4046
6517,UB5458
6518,UB5990
6519,UB5745
6520,UB8817
6521,UB8898
6522,UC3138
6523,UC6111
6524,UC5236
6525,UC6508
6526,UC8339
6527,UD1306
6528,UD3165
6529,UD7197
6530,UD7278
6531,UE6212
6532,UF3409
6533,UF6020
6534,UG2263
6535,UG2209
6536,UG5033
6537,UG8749
6538,UG9877
6539,UH2688
6540,UH5700
6541,UH7817
6542,UH8285
6543,UJ321
6544,UH9167
6545,UJ6437
6546,UJ5180
6547,UJ7882
6548,UK2213
6549,UK8509
6550,UN7052
6551,UN9916
6552,UN9860
6553,UP215
6554,UP1711
6555,UP3129
6556,UP6674
6557,UP7174
6558,UP9460
6559,UP9242
6560,UR2340
6561,UR186
6562,UR2714
6563,UR3747
6564,UR3587
6565,UR3708
6566,UR8193
6567,UR7543
6568,UT591
6569,VF7957
6570,VF7438
6571,VF9038
6572,VG3200
6573,VF6731
6574,VG3496
6575,VH4627
6576,VK8258
6577,VK8180
6578,VK6835
6579,VK6550
6580,VR6793
6581,VR7479
6582,VS3529
6583,VS2933
6584,VT8142
6585,VT8309
6586,VT7225
6587,VT6811
6588,VT8444
6800,UM5319
6801,UM8127
6802,UN1063
6803,UN524
6804,UM8495
6805,UN3404
6806,UN4206
6807,UN657
6808,UN3379
6809,UN5831
6810,UN4576
6811,UP860
6812,VB1057
6813,VB5121
6814,VB6528
6815,VB7851
6816,VB6853
6817,VB9800
6818,VC2990
6819,VC2578
6820,VC2978
6821,VC8152
6822,VC6507
6823,VD418
6824,VD3058
6825,VD4454
6826,VD7421
6827,VD8429
6828,VD9196
6829,VD8818
6830,VE2357
6831,VE2440
6832,VE5638
6833,VE5703
6834,VE6639
6835,VE7942
6836,VF9060
6837,VM4166
6838,VT795
6839,VM3933
6840,VT1946
6841,VT7627
6842,VT5006
6843,VT7570
6844,WK8726
6845,WL2127
6846,WL3820
6847,WM8247
6848,WM6654
6849,WM9049
6850,WN2527
6851,WN1777
6852,WN5883
6853,WN7699
6854,WN9117
6855,WN9273
6856,WP2259
6857,WP6115
6858,WP5433
6859,WP6913
6860,WP8705
6861,WR4108
6862,WR4068
6863,WR3659
6864,WR5560
6865,WR6159
6866,WR8129
6867,WS5703
6868,WS7061
6869,WS7554
6870,WS9314
6871,WT269
8000,RY4503
8001,RY3212
8002,RY5664
8003,RY5458
8004,SB3800
8005,SB2208
8006,SB1285
8007,SB3296
8008,SB8099
8009,SB8218
8010,SC1605
8011,SC344
8012,SC5770
8013,SC7334
8014,SC5830
8015,SD864
8016,SD6821
8017,SD8602
8018,SD9114
8020,SE3495
8021,SE2416
8022,SE1629
8023,SF4453
8024,SF5782
8025,SF7948
8026,SF6426
8027,SF8343
8028,SF6830
8029,SH8627
8030,SJ2265
8031,SJ4497
8032,SJ5726
8033,SJ8393
8034,SJ9765
8035,SK826
8036,SK3852
8037,SK733
8038,SK8882
8039,SL5042
8040,SL4765
8041,SN6384
8042,SN6020
8043,SN8318
8044,SM9237
8045,SN4860
8046,SP9684
8047,SP9607
8048,SP9726
8049,SN8700
8050,SN8590
8051,SR7367
8052,SR3788
8053,SR7109
8054,ST4557
8055,ST7329
8056,ST6593
8057,ST9234
8058,SU4031
8059,SU4369
8060,SU3453
8061,SU8440
8062,SV1924
8063,SW2279
8064,SW2436
8065,SY6396
8100,NC7577
8101,NC8285
8102,ND2420
8103,ND1159
8104,ND5993
8105,ND5473
8106,ND6885
8107,ND9337
8108,NE1851
8109,NE3539
8110,NU4614
8111,NU5176
8112,NU7670
8113,NU7209
8114,NV9609
8115,NV185
8116,NV5906
8117,NV5516
8118,NV6627
8119,NV8767
8120,NV9714
8121,NW1633
8122,NZ3602
8123,NZ7879
8124,PA1162
8125,PA3839
8126,PA5955
8127,PA7994
8128,PF4940
8129,PF5373
8130,PF7565
8131,PF8229
8132,PF8486
8133,PF6977
8134,PF8240
8135,PF9996
8136,PF9917
8137,PF8761
8138,PG3570
8139,PG4068
8140,PG2617
8141,PG4205
8142,PG5781
8143,PG4846
8144,PG4785
8145,PG6073
8146,PH2490
8147,PH1273
8148,PH1905
8149,PH1149
8150,PH4500
8151,PH5763
8152,PH6010
8153,PH8285
8154,PH8099
8155,PH7839
8156,PH8849
8157,PJ150
8158,PH9903
8159,PJ5535
8160,PK3995
8161,PJ8574
8162,PK139
8163,PJ9212
8164,PK2073
8165,PK4219
8166,PK5523
8167,PK5393
8168,PK6278
8169,PK7398
8170,PK7344
8171,PK7937
8172,PK9456
8173,PL1443
8174,PL5624
8175,PL4963
8176,PL9437
8177,PL9540
8178,PM3968
8179,PM1459
8180,PM4079
8181,PM2839
8182,PM4847
8183,PM6661
8184,PN912
8185,PN511
8186,PN3009
8187,PN6097
8188,PN5934
8189,PN6176
8190,PP1750
8191,PP3950
8192,PP694
8193,PP4988
8194,PR7908
8195,PP5292
8196,PP6257
8197,PP5680
8198,PR1018
8199,PR6020
8200,PR3051
8201,PR6404
8202,PR6409
8203,PR7978
8204,PR8372
8205,RL3936
8206,RL4470
8207,RL2513
8208,RK9785
8209,RK9314
8210,RK9210
8211,RK9923
8212,RL4346
8213,RL3944
8214,RL3252
8215,RL5198
8216,RM344
8217,RL9104
8218,RL5493
8219,RL4814
8220,RL9094
8221,RL9969
8222,RM614
8223,RL6869
8224,RM2224
8225,RM1957
8226,RL9901
8227,RL8774
8228,RM2717
8229,RM3334
8230,RM5652
8231,RM5849
8232,RM7834
8233,RM8065
8234,RM7141
8235,RN3214
8236,RN3021
8237,RN3002
8238,RN2788
8239,RN3625
8240,RN3283
8241,RN2951
8242,RN2966
8243,RN5598
8244,RN4613
8245,RN7984
8246,RN6878
8247,RP1206
8248,RP2017
8249,RP1627
8250,RP1377
8251,RP4612
8252,RP4990
8253,RP5816
8254,RP5718
8255,RP5052
8256,RP6274
8257,RP7795
8258,RP7894
8259,RP7060
8260,RR4125
8261,RR3619
8262,RR3648
8263,RR4594
8264,RR5869
8265,RR8447
8266,RR7505
8267,RS4133
8268,RR6530
8269,RR9019
8270,RR9234
8271,RS2439
8272,RS1470
8273,RS1673
8274,RT1438
8275,RS4127
8276,RS3565
8277,RS3275
8278,RS3394
8279,RS5806
8280,RS5953
8281,RT1180
8282,RS7269
8283,RS7728
8284,RT2269
8285,RT4044
8286,RU124
8287,RT7476
8288,RT9040
8289,RU1636
8290,RT9062
8291,RU793
8292,RU2420
8293,RU1917
8294,RU1256
8295,RU2905
8296,RU3910
8297,RU4497
8298,RU4449
8299,RU2775
8300,RU5586
8301,RU5509
8302,RU6437
8303,RU6470
8304,RU8990
8305,RU9629
8306,RU9401
8307,RV3191
8308,RV3831
8309,RV3620
8310,RV4871
8311,RV7863
8312,RW1232
8313,RW1147
8314,RW3037
8315,RW2811
8316,RW4954
8317,RW5924
8318,RX7236
8319,RX6856
8320,SH3957
8321,SD2840
8322,SD4179
8323,SE3751
8324,SE3609
8325,SD7184
8326,SD9406
8327,SE2229
8328,SE3139
8329,SE3989
8330,SE3389
8331,SE5637
8332,SE5393
8333,SE6449
8334,SE5273
8335,SE5237
8336,SE4931
8337,SE5348
8338,SE4526
8339,SE6953
8340,SE8178
8341,SF677
8342,SF7329
8343,SG2574
8344,SG2901
8345,SG2549
8346,SG5327
8347,SG5226
8348,SG6245
8349,SG6274
8350,SH2495
8351,SH4061
8352,SH4366
8353,SJ3778
8354,SJ3226
8355,SJ5833
8356,SH5527
8357,SH5894
8358,SH6325
8359,SJ4959
8360,SJ5717
8361,SL9799
8362,SM894
8363,SM2037
8364,SM693
8365,SM2663
8366,SM3786
8367,SM2745
8368,SM4218
8369,SM4082
8370,SM2686
8371,SM3430
8372,SM8896
8373,SN4212
8374,SN5363
8375,SN4652
8376,SN4799
8377,SN7639
8378,SN6075
8379,SN9378
8380,SN8723
8381,SN8766
8382,SP1625
8383,SP3029
8384,SP2989
8385,SP4717
8386,SP4910
8387,SP5762
8388,SP8116
8389,SP6736
8390,SP7670
8391,SR2698
8392,SR2954
8393,SR3201
8394,SR5419
8395,SR5429
8396,SR9161
8397,SR9932
8398,SS2730
8399,SS2902
8400,TB2893
8401,TA5575
8402,SS4363
8403,SS4318
8404,SS3451
8405,SS2898
8406,SS7702
8407,SS7708
8408,SS8710
8409,SS7961
8410,SS9057
8411,ST4505
8412,SU3251
8413,ST6865
8414,ST6555
8415,SU2071
8416,SU744
8417,SU3469
8418,SU2580
8419,SU4728
8420,SU4708
8421,SU5703
8422,SU9122
8423,SU8101
8424,SU9787
8425,SU8784
8426,SV641
8427,SV2046
8428,SV3594
8429,SV2851
8430,SV5605
8431,SV5226
8432,SV5539
8433,SV7053
8434,SV7756
8435,SV6683
8436,SW271
8437,SV9156
8438,SW3701
8439,SW3867
8440,SW3564
8441,SW4403
8442,SW7771
8443,SW7908
8444,SW7384
8445,SW6570
8446,SW9838
8447,SW9812
8448,SV720
8449,SV2752
8450,SX1579
8451,SX1008
8452,SX5504
8453,SX2754
8454,SX5746
8455,SX5386
8456,SY5752
8457,SY4812
8458,SY8549
8459,SY8636
8460,SZ3478
8461,SZ2558
8462,SZ2709
8463,SZ3800
8464,SZ8795
8465,TA1636
8466,TA3184
8467,TC9116
8468,TC9329
8469,TD8479
8470,TD1189
8471,TD3068
8472,TD5052
8473,TD6343
8474,TD9458
8475,TE2157
8476,TE2869
8477,TE3987
8478,TE2964
8479,TE5914
8480,TE5717
8481,TE8311
8482,TL3015
8483,TL6813
8484,TL7857
8485,TM2971
8486,TL7986
8487,TM217
8488,TM2653
8489,TM2953
8490,TM4207
8491,TM3477
8492,TM5224
8493,TM6075
8494,TM4922
8495,TM5088
8496,TM5846
8497,TN1591
8498,TM7295
8499,TM8404
8400,TB2893
8401,TA5575
8500,TN1534
8501,TN835
8502,TM8707
8503,TN381
8504,TN1629
8505,TN842
8506,TN2259
8507,TC9738
8508,TD8018
8509,TE2562
8510,TE5903
8511,TE8334
8512,TE7736
8513,TF6396
8514,TF4616
8515,TF5883
8516,TF4708
8517,TG1924
8518,TG3643
8519,TH2408
8520,TH4516
8521,TH4741
8522,TH8450
8523,TH7318
8524,TJ7268
8525,TJ7651
8526,TJ5879
8527,TJ5561
8528,TK5947
8529,TK6211
8530,TK7131
8531,TK7927
8532,TL2554
8533,TL4446
8534,TL7248
8535,TL7929
8536,TM3092
8537,VP850
8538,VN5149
8539,VN4816
8540,VN7796
8541,VN8682
8542,VV5769
8543,VW3059
8544,VW7053
8545,VW7850
8546,VW9560
9100,SA6717
9101,SA6875
9102,SA7428
9103,SB6206
9104,SC7748
9105,SD943
9106,SB5274
9107,SB6134
9108,SC124
9109,SC2276
9110,SB8820
9111,SC5519
9112,SD6452
9113,SD7998
9114,SD6766
9115,SE2037
9116,SE6352
9117,SE4292
9118,SE3144
9119,SE3357
9120,SE8695
9121,SF6382
9122,SF4678
9123,SF4867
9124,SF5605
9125,SF5594
9126,SF6069
9127,SF4926
9128,SF6495
9129,SF7933
9130,SH3598
9131,SH3252
9132,SF8739
9133,SH7643
9134,SH8633
9135,SH8758
9136,SH9225
9137,SJ302
9138,SJ984
9139,SJ2261
9140,SJ1518
9141,SJ3410
9142,SJ3699
9143,SJ3189
9144,SJ2616
9145,SJ6001
9146,SJ6002
9147,SK4091
9148,SJ8162
9149,EM6616
9150,WJ6188
317,NV7086
318,NV7723
319,NV6750
320,NV7850
321,NV9003
322,TW3941
881,KR3115
882,KR4001
883,KR5406
884,KR5184
885,KR8041
886,KR6915
887,KR7057
888,KR6515
889,KR8155
890,KR7085
891,KS1615
892,KS3556
893,KS4408
894,KS5331
2300,JB7459
2301,JB7500
2302,KM6194
2303,KM5696
2304,KN1558
2305,KN1182
2306,KN2813
2307,KN2972
2308,KN2642
2309,KN3208
2310,KN4157
2311,HW3550
2312,KN4257
2313,KN5992
2314,KN5468
2315,KN4525
2316,KP5220
25,HT817
6500,TG2476
7500,PN8018
8800,WM5832
8801,WP1265
8802,WP5565
8803,WT3070
8804,WT4851
8805,WT4490
8806,WM5165
8807,WP1057
8808,WV3473
8809,WV3585
8810,WV3748
8811,WV4042
8812,WV3205
8813,WV3069
8814,WV6144
8815,WV4656
8816,WV4752
8817,WV6448
8818,WV5072
8819,WV5446
8820,WV4648
8821,WV5040
8822,WV6102
8823,WX9283
9500,TR9520
9501,TR8832
9502,TS5520
9503,TS4875
9504,TS4542
9505,TS6566
9506,TT7463
9507,TS5365
9508,TS5299
9509,TS8048
9510,TT1064
9511,TT3457
9512,TT3651
9513,TT6935
9514,TT7877
9515,TU2316
9516,TU702
9517,TU5372
9518,TU3200
9519,TU5755
9520,TU9576
9521,TV1389
9522,TV2754
9523,TV2133
9524,TV4622
9525,TV5498
9526,TV7010
9527,TV6523
9528,TV9116
9529,TV9167
9530,TX7541
9531,TX8477
9532,TY4368
9533,TY4044
9534,TY4511
9535,TY5441
9536,TY8641
9537,TZ2389
9538,TZ1130
9539,TZ3124
9540,TZ3336
9541,UA1218
9542,TZ4727
9543,UA918
9544,UA3108
9545,UA2574
9546,UA5085
9547,UA7560
9548,UA7372
9549,UB263
9550,UB6100
9551,UB7231
9552,UB6643
9553,UB8085
9554,UB7573
9555,UB6805
9556,UC5022
9557,UC3051
9558,UC3327
9559,UC3415
249,AC4723
250,AH4134
251,AH4072
252,CD2198
253,AD4589
254,AC4764
255,AH4194
256,KJ3297
257,KJ4161
258,HE152
259,KU4116
260,KU4339
261,KU5966
262,KU4964
263,KU6223
264,KU4849
265,KU7650
266,KU7052
267,KV1407
268,KV3603
269,KV2768
8900,PX3555
1830,TJ716
1831,TH5138
1832,TK1207
1833,TJ3037
1834,TH4525
1835,TL492
1836,TH6404
1837,TJ4272
1838,TH4561
1839,TK4503
1840,TJ4082
1841,TJ2746
1842,TH6440
1843,TJ6980
1844,TH4695
1845,TH5804
2501,VD1333
2502,VD7479
2503,VD7383
2504,VD8336
2505,VD8011
4000,NX204
4001,NW9472
4002,NX2519
4003,NX3251
4004,NX8381
4005,NX8939
4006,NX9683
4007,NY284
4008,NY912
4009,NY3041
4010,NY2724
4011,NY5364
4012,NY8628
4013,NY9337
4014,NY9003
4015,NZ783
4016,NZ2386
4017,NZ2257
4018,NZ1297
4019,NZ3682
4020,PD9452
4021,PD9799
4022,PD9208
4023,PE7866
4024,PE4205
4025,PE5898
4026,PD9406
4027,PE4573
4028,PD9836
4029,PE3296
4030,PE1836
4031,PE6015
4032,PE4891
4033,PE5963
4034,PE7880
4035,PF469
4036,PE8262
4037,PE7154
4038,PF1805
4039,PF1058
4040,SL2101
4041,SK6779
4042,SK7383
4043,SK7106
4044,SK7907
4045,SK6689
4046,SL3442
4047,SK8763
4048,SL1271
4049,SL5596
4050,SL7651
4051,SM239
4052,UP7046
4053,UR698
4054,UR2181
4055,UR2113
4056,UR1256
4057,UR3099
4058,UR3464
4059,UR5241
4060,UR5209
4061,UR7193
4062,UR6549
4063,US1535
4064,US1049
4065,US9895
4066,US2038
4067,UT708
4068,UT2129
4069,UT3759
4070,UT4021
4071,UT6741
4072,UT8412
4073,UT6903
4074,UT2012
4075,UU3260
4076,UU7152
4077,UU7247
4078,UU7116
4079,UU8967
4080,UU8961
4081,UV2549
4082,UV2562
4083,UV4186
4084,UV9210
4085,UW182
4086,UW1591
4087,UW875
4088,UW4145
4089,UW4190
4090,UW6327
4091,UX167
5500,NF4603
5501,NE7025
5502,NE7587
5503,NF1443
5504,NK3640
5505,NF5206
5506,NF749
5507,NF2977
5508,NF7268
5509,NG1278
5510,NF9053
5511,NG5067
5512,NG4744
5513,NG5568
5514,NG7542
5515,NG8831
5516,NG8873
5517,NH9684
5518,PR8688
5519,PS2561
5520,PS9822
5521,PT195
5522,PT4204
5523,PT3487
5524,PT3614
5525,PT5192
5526,PT6274
5527,PT9446
5528,PT9670
5529,PU1611
5530,PU2259
5531,PU7626
5532,PU6554
5533,PU8554
5534,PU9997
5535,PU9303
5536,PV3691
5537,PV2729
5538,PV3687
5539,PV6102
5540,PV8086
5541,PW126
5542,RK3144
5543,RK3352
5544,RK3757
5545,RK6424
5546,RK5110
5547,RK6188
5548,RK6448
5549,RK6426
5550,RK4924
5551,RK5338
5552,RK4712
5553,RK8369
5554,RK7983
5555,RW7692
5556,RW8285
5557,RW4460
5558,RW2655
5559,RX2010
5560,RX2203
5561,RX1227
5562,RX8749
5563,RX9438
5564,RX9796
5565,RY4236
5566,RY2644
5567,RY5571
5568,RY5083
5569,RY8502
5570,RZ1444
5571,RZ841
5572,RZ3683
5573,RZ3539
5574,RZ2660
5575,RZ4211
5576,RZ5573
5577,RZ5949
5578,RZ6849
5579,RZ8460
5580,SA2087
5581,SA5476
5582,SA4736
5583,TC9833
5584,TD1434
5585,TD2681
5586,TD4317
5587,TD8789
5588,TD9438
5589,TE4013
5590,TE3190
5591,TE5552
5592,TE4641
5593,TE9874
5594,TF207
5595,TF436
5596,TF2813
5597,TF5423
5598,TG5837
5599,TG5224
5600,TA3523
5600,TA3523
5601,TG4950
5602,TH5867
5603,TH7769
5604,TH7230
5605,TH7550
5606,TH9987
5607,TH9726
5608,TJ4109
5609,TK2759
5610,TK2979
5611,TK7806
5612,TL1123
5613,TK8722
5614,TK7923
5615,TL2511
5616,TL4146
5617,TN1298
5618,TN1550
5619,TN6249
5620,TN6244
5621,TN8120
5622,TN8300
5623,TN8263
5624,TN9936
5625,TN9582
5626,TL4982
5627,TP1175
5628,TP1033
5629,TP534
5630,TP4102
5631,TP2955
5632,TP5543
5633,TP7430
5634,TP7725
5635,TP8689
5636,TP6534
5637,TP9051
5638,TR172
5641,TR3625
5642,TR2799
5643,TR2639
5644,TR3947
5645,TR5032
5646,TR4514
5647,TR5542
5648,TR7971
5649,TR7958
5652,TR9241
5653,TS5502
5654,TS5187
5655,TS5907
5656,TT2678
5657,TS7944
5658,TS7255
5659,TS7535
5660,TT3442
5661,TT3500
5662,TT6396
5663,TV5387
5664,TW2499
5665,TW4108
5666,TW3290
5667,TW6401
5668,TW6491
5669,TW8025
5670,TY278
5671,TY214
5672,TY3361
5673,TY3057
5674,TY3185
5675,TY5871
5676,TY6656
5677,TY7384
5678,TY9516
5679,TY9091
5680,TZ2648
5681,TZ2570
5682,TZ8304
5683,TZ5369
5684,TZ7585
5685,TZ7650
5686,TZ8996
5687,UA3495
5688,UA3491
5689,UA3437
5690,UA4832
5691,UC4108
5692,UC2563
5693,UC5414
5694,UC7489
5695,UC7429
5696,UC6947
5697,UD2636
5698,UD3540
5699,UD7829
5700,UD8345
5701,UD9571
5702,UE7040
5703,UE8781
5704,UF1403
5705,UF2613
5706,UF4075
5707,UF6876
5708,UF8143
5709,UF8477
5710,UF6616
5711,UF8210
5712,UF6787
5713,UG2276
5714,UG2023
5715,UG3367
5716,UG4525
5717,UG6283
5718,UG6571
5719,UH488
5720,SL9799
5721,SM894
5722,SM2037
5723,SM693
5724,SM2663
5725,SM3786
5726,SM2745
5727,SM4218
5728,SM4082
5729,SM2686
5730,SM3430
5731,SM8896
5732,SN4212
5733,SN5363
5734,SN4652
5735,SN4799
5736,SN7639
5737,SN6057
5738,SN9378
5739,SN8723
5740,SN8766
5741,SP1625
5742,SP3029
5743,SP2989
5744,SP4717
5745,SP4910
5746,SP5762
5747,SP8116
5748,SP6736
5749,SP7670
5750,VT6080
5751,VT6458
5752,VT6243
5753,VU1773
5754,VU3879
5755,VU2443
5756,VU3725
5757,VU2917
5758,VU2848
5759,VU4865
5760,VU5703
5761,VU6690
5762,VU7617
5763,VU9237
5764,VU7153
5765,VV2513
5766,VV3650
5767,VV3446
5768,VV3404
5769,VV4007
5770,VV5275
5771,VV5219
5772,VV9544
5773,VV9625
5774,VV8684
5775,VW4472
5776,VW2032
5777,VW1575
5778,VW9857
5779,VW9059
5780,VW5084
5781,VW5864
5782,VW9946
5783,VW8564
5784,VX653
5785,VW9910
5786,VX556
5787,VX1817
5788,VX952
5789,VX5855
5790,VX6288
5791,VX5379
5792,VX4935
5793,VX4975
5794,VX6819
5795,VX8475
5796,VX8660
5797,VY274
5798,VX8987
5799,VX9742
5800,VY4453
5801,VY3496
5802,VY3976
5803,VY4151
5804,VY3336
5805,VY3785
5806,VY3054
5807,VY4164
5808,VY3128
5809,VY4208
5810,VY4161
5811,VY5627
5812,VY7133
5813,VY7958
5814,VY6527
5815,VY6549
5816,VY9603
5817,VY8608
5818,VZ2106
5819,VZ1433
5820,VZ621
5821,VZ2855
5822,VZ3314
5823,VZ3947
5824,VZ4448
5825,VZ3431
5826,VZ6034
5827,VZ6472
5828,WA1500
5829,WA2013
5830,WA3855
5831,WA3185
5832,WA4660
5833,WA3755
5834,WA4864
5835,WA6058
5836,WB5921
5837,WA7249
5838,WA9370
5839,WB4285
5840,TJ7651
5841,TJ5879
5842,TJ5561
5843,TK5947
5844,TK6211
5845,TK7131
5846,TK7927
5847,TL2554
5848,TL4446
5849,TL7248
5850,TL7929
5851,TM3092
6100,UM722
6101,UM9384
6102,UM9289
6103,UM8832
6104,UN2037
6105,UN4172
6106,UN3695
6107,UN5466
6108,UN8314
6109,UN7486
6110,UN8045
6111,UN6601
6114,UN8976
6116,UP492
6117,UP3964
6118,UP3854
6119,UP4064
6120,UP3147
6121,UP5175
6122,UP6876
6123,UP8255
6124,UP7085
6125,UR4194
6126,UR3561
6127,UR4614
6128,UR9555
6129,UR7122
6130,UU2902
6131,UU4974
6132,UU7291
6133,UU6122
6134,UV4452
6135,UV3361
6136,UV6410
6137,UV5519
6138,UT9282
6139,UT7510
6140,UT8310
6141,UU6312
6142,UV5497
6143,UV5482
6144,UW5860
6145,UW6263
6146,UW5055
6147,UW4873
6148,UW5167
6149,UW7596
6150,UX689
6151,UX1582
6152,UX2046
6153,UX527
6154,UX3508
6155,UX930
6156,UX4427
6157,UX3481
6158,UX5240
6159,UY5368
6160,UX5893
6161,UX7608
6162,UX7299
6163,UX6731
6164,UX8182
6165,UY3318
6166,UY506
6167,UY620
6168,UY2578
6169,UY6207
6170,UY5916
6171,UY7942
6172,UY6944
6173,UY8231
6174,UY9541
6175,UY9740
6176,VE5472
6177,VE5809
6178,VE4815
6179,VE4993
6180,VE5024
6181,VE6375
6182,VE5438
6183,VE4699
6184,VE5097
6185,VE7849
6186,VE5732
6187,VE4937
6188,VE8977
6189,VE8722
6190,VF2890
6191,VF5366
6192,VF3448
6193,VF3324
6194,VF7406
6195,VF8463
6196,VG2964
6197,VG3762
6198,VN3117
6199,VN8058
6200,VR5884
6201,VR5362
6202,VR6632
6203,VR6806
6204,VR7089
6205,VR6796
6206,VS2374
6207,VS2481
6208,VS6820
6209,VS8345
4500,TK8211
4501,TK3778
4502,TN9187
4503,TL7116
4504,TL7393
4505,TM6092
4506,TM4841
4507,TM8143
4508,TM8052
4509,TN5671
4510,TP190
4511,TP165
4512,TP9850
4513,TR1784
4514,TS2503
4515,TR2411
4516,TS4119
4517,TS4737
4518,TS5573
4519,TU5462
4520,TW4517
4521,TW5716
4522,TW4576
4523,TW8508
4524,TW8568
4525,TX6468
4526,TX7617
4527,TX9082
4528,TY1720
4529,TY1915
5230,WN2615
5231,WN4213
5232,WN4282
5233,WU5736
5234,WU5824
5235,WU4518
5236,WU5195
2600,TN5558
2601,TM1112
2602,TM7702
2603,TM7643
2604,TL7840
2605,TL7480
2606,TN3527
2607,TL6528
6090,TZ9333
2051,TV8231
2052,TW745
2053,UC7665
2054,UD8163
